studentID,sname
120393fd3ccca724,Ashli  
ea4fa78d7fd0d377,Thu  
bf95403eec5e2be7,Nicolle  
1c00807d46daee79,Esther  
9c7d2f672bb140cb,Corie  
35611da39ae8eeb1,Chloe  
9279f51b43e8f684,Asa  
322d6cb7a03ba380,Lucrecia  
cf885963fc86e1bf,Lourie  
b37fa6fa53d0220c,Divina  
1f049ea76e595729,Danita  
f177e90e46f0441b,Sarina  
69fdcdafcd461dbb,Aida  
ea6974a0c3b474e1,Faye  
1424f91742952bdd,Tomasa  
c0a50fa07ba2e84e,Sharon  
cf834229a1574394,Deeann  
44c698b2fd779a5c,Deloise  
1e2a713addbedb87,Santos  
45113574e7282f40,Shawnta  
d435678b497ec126,Izetta  
9e32681a3051e8d0,Stacie  
3fa7f5946e4620ff,Ma  
28253f1d4f1629a5,Lenita  
3c85f16b191f7e1d,Elia  
8096ed6f81458725,Clement  
8f074078a451bdd4,Kathyrn  
b09592cae142f566,Pinkie  
1268833ab0051ed4,Zoraida  
8820a83e617cded8,Dayle  
74ae8a3e74b7fe56,Bob  
aff2bc00e46c6207,Frieda  
2f3bc4bf5ce24531,Michelle  
9322ed1d54f39fa3,Natosha  
8fddfb1761e82e5d,Gricelda  
da516437a2bcac8e,Regena  
2c187392b615d059,Faustino  
2b37ac5638bac036,Caridad  
52adad443bbaed15,Dorathy  
c0d43ab33f48ddd2,Mel  
8456206fbd61299a,Marlen  
c6883a62fe056e9,Albertina  
